full_text,cluster
penegakan hukum karhutla memang bergerak tetapi pergerakannya belum sama antara pelaku perorangan dan korporasi yang perlu dilihat berikutnya adalah apa yang membuat perkara korporasi belum sampai pada penetapan tersangka,5
kejagung menerima spdp perkara pidana karhutla sepanjang januari september perkara perorangan dan perkara korporasi sebanyak perkara sudah p dan dilimpahkan ke pengadilan namun seluruh perkara korporasi masih berada dalam tahap penyidikan,5
polsek menjalin edukasi warga cegah karhutla sejak dini,7
karhutla di amburawang laut meluas tim gabungan berjibaku padamkan api jam,0
di tengah kepungan api dan asap orangutan berusia sekitar tahun ditemukan bertahan di atas pohon di kawasan katune palangka raya simak video selengkapnya di,3
cegah api sebelum berkobar polsek muara kaman sisir kawasan rawan karhutla,7
karhutla di samboja bakar hektare lahan gambut tim gabungan bergerak cepat kukar kebakaran lahan gambut dan semak belukar terjadi di rt kelurahan wonotirto kecamatan samboja kutai kartanegara rabu sore api membakar sekitar hektare lahan,0
btw daerah karhutla udah hujan belum yaa semoga aja udah ya allah,3
terharu kementerian pertahanan jepang resmi mengakhiri operasi bantuan penanggulangan karhutla di k,1
cegah karhutla polsek pangkalan banteng gencarkan patroli dan sosialisasi karhutla di desa marga mulya guna mengantisipasi potensi kebakaran hutan dan lahan karhutla personel polsek pangkalan banteng menggelar kegiatan patroli dialogis dan pengawasan di sejumlah titik rawan,7
cegah karhutla sejak dini polsek sangasanga rutin pantau wilayah rawan kukar upaya mencegah kebakaran hutan dan lahan karhutla terus dilakukan polsek sangasanga dengan memperkuat pemantauan langsung di wilayah rawan rabu,0
beredar narasi bahwa jepang gagal memadamkan kebakaran hutan dan lahan di kalimantan lalu pulang karena tidak sanggup caption itu menempel di foto kompas berjudul jepang akhiri misi bantuan pemadaman karhutla di kalimantan tersisa hektare yang belum padam judul itu,1
cegah karhutla makin meluas polsek kota bangun ingatkan warga soal bahaya membakar lahan kukar upaya mencegah kebakaran hutan dan lahan karhutla terus digencarkan polsek kota bangun personel kepolisian turun langsung memberikan pembinaan dan penyuluhan binluh,2
cegah kebakaran hutan dan lahan polsek arut utara gelar patroli dan sosialisasi ke warga pangkut upaya mengantisipasi dan meminimalisir risiko kebakaran hutan dan lahan karhutla terus digencarkan oleh jajaran polres kotawaringin barat personel polsek arut utara melaksanakan,0
ud jelas si lansia bkn memberantas korupsi tp menyuburkan korupsi mn nih voter dan artis yg ngedukung dosa kalian besar tiada taranya sebesar dosa junjungan kalian itu dan kalian jg penbunuh satwa di karhutla dan mereka yg di sumatera,6
tidak mengenal lelah di tengah asap dan panasnya api langkah terus bergerak demi memadamkan karhutla tak peduli siang ataupun malam tugas tetap dijalankan pantang menyerah terus berjuang untuk kalteng bebas dari karhutla dan asap,3
stop karhutla,5
makin hari kabut asap karhutla makin tebel kemaren kualitas udara mencapai dan punya pemimpin kayak gini tuh petaka banget bagi rakyat sebelumnya laporan ke wowo sudah tidak ada titik api,5
kemarau panjang tingkatkan kewaspadaan bhabinkamtibmas manggar aipda edy wahyudi mengajak warga bersama sama mencegah karhutla dan menjaga lingkungan tetap aman,3
yg lebeh dak jelas tu gubernur nyo sih la di enjok presiden duet m samo motor trail untuk penanganan karhutla tapi dak di gunoke itu namonyo dak amanah,5
jadi mulai sekarang kalo bisa kita bahas yg lebih urgensi aja ya misal karhutla di layo unsr,5
ketua dpr papua barat orgenes wonggor menilai pemprov papua barat belum maksimal menangani kebakaran hutan dan lahan ia meminta tim lintas instansi disiapkan sebelum bencana terjadi serta menegaskan penanganan tidak boleh hanya dibebankan kepada pemerintah kabupaten karhutla,0
karhutla bengkalis mencapai hektare kasmarni bicara restorasi gambut,5
hotspot karhutla muncul di temajuk paloh petugas gabungan bergerak padamkan api,0
patroli karhutla sosialisasi dan penyebaran maklumad di wilayah hukum polsek trienggadeng spripim polda aceh tendri wardi polisiku halo polisi polisi indonesia,7
misi bantuan jepang buat karhutla di kalimantan resmi berakhir terima kasih sdf sorti ton air,1
sinergi tni polri damkar dan warga berhasil kendalikan karhutla di muara langon,3
negara sendiri aja udh dieksploitasi banjir bandang sumatera karhutla kalimantan kalo bukan krn eksploitasi kekayaan alam negara sendiri lalu apa,6
kegiatan sosialisasi dan pencegahan terhadap karhutla di wilayah kecematan karang bintang kab tanah bumbu,0
kata siapa palembang biasa biasa saja lihat langit kami tak lagi berwarna biru sudah hampir tiga bulan ada lagunya ini sampai langit tak biru lagi artinya tidak baik baik saja,5
luas karhutla di provinsi prioritas menyusut bnpb perkuat operasi darat dan udara,5
polres bone bolango terus berkomitmen hadir dalam penanganan karhutla serta menjaga keamanan dan keselamatan masyarakat,4
lagunya barsu lirilnya bahas karhutla ya,5
dari rumah berdinding daun kini menjadi hunian yang lebih layak dan nyaman berawal dari patroli karhutla lahir kepedulian yang menghadirkan harapan bagi sebuah keluarga,7
hotspot karhutla tembus titik johan rosihan desak pencegahan dari hulu ada pergerakan angka yang cukup signifikan data sipongi kehutanan itu ada titik di hari kamis kemudian sempat naik di hari jumat dan sampai data yang kami ikuti sampai ahad malam kemarin itu,5
karhutla di amburawang laut meluas tim gabungan berjibaku padamkan api jam kukar kebakaran hutan dan lahan karhutla melanda kawasan jalan gunung panjang rt kelurahan amburawang laut kecamatan samboja barat kutai kartanegara rabu,0
berita update soroti konsistensi pemerintah dalam pemberian sanksi pelaku karhutla dpr ri fraksi pdi perjuangan pak sonny efek jera nya nggak ada,5
kejagung terima perkara karhutla yang terbanyak wilayah riau hingga kasus,5
tpa kebakaran aja udh sesek napas bgt apa kabar karhutla ya,5
cegah api sebelum berkobar polsek muara kaman sisir kawasan rawan karhutla kukar mencegah kebakaran hutan dan lahan karhutla tidak cukup hanya dengan memadamkan api langkah pencegahan terus diperkuat polsek muara kaman melalui patroli bersama di sejumlah,7
terima kasih jepang balik lagi pemerintah harus atasi karhutla,1
sinergi tim satgas penanganan karhutla dalam upaya penanganan kebakaran hutan dan lahan karhutla tim satgas terus memperkuat sinergi di lapangan dengan melaksanakan pendinginan lahan pada area yang telah terbakar,0
update harian hotspot karhutla,5
laporan harian pemadaman karhutla rabu september,5
karhutla di samboja bakar hektare lahan gambut tim gabungan bergerak cepat kukar kebakaran lahan gambut dan semak belukar terjadi di rt kelurahan wonotirto kecamatan samboja kutai kartanegara rabu sore,0
cegah karhutla sejak dini polsek sangasanga rutin pantau wilayah rawan kukar upaya mencegah kebakaran hutan dan lahan karhutla terus dilakukan polsek sangasanga dengan memperkuat pemantauan langsung di wilayah rawan,0
cegah karhutla makin meluas polsek kota bangun ingatkan warga soal bahaya membakar lahan kukar upaya mencegah kebakaran hutan dan lahan karhutla terus digencarkan polsek kota bangun,2
mengantisipasi risiko karhutla pln up b kaltimra terus memantau sistem secara real time untuk menjaga keamanan kestabilan dan keandalan pasokan listrik,5
sembilan pendaki memasuki kawasan karhutla di puncak batu tulis gunung kawi malang meski jalur pendakian masih ditutup satu pendaki mengalami sakit perut dan sesak napas hingga petugas gabungan harus melakukan evakuasi di tengah kondisi medan dan cuaca yang menantang,3
apresiasi untuk para pejuang kemanusiaan bpk landsel yang selalu siaga di garis depan menghadapi karhutla semoga bantuan ini mendukung keselamatan dan perjuangan para relawan di lapangan bersama kita jaga bumi kita,3
dengan melihat situasi di lapangan kebutuhan masyarakat dapat menjadi bagian dari upaya pemerintah dalam menentukan dukungan yang tepat dukungan juga diberikan kepada para relawan yang berada di garis depan penanganan karhutla termasuk upaya menghadirkan perlindungan,4
bantuan tunai melalui kartu huma betang sejahtera khbs hingga dukungan bagi mahasiswa dan para relawan yang terlibat dalam penanganan karhutla kehadiran gubernur tidak hanya untuk menyerahkan bantuan tetapi juga menjadi bentuk perhatian langsung terhadap kondisi masyarakat,4
gubernur agustiar sabran hadir untuk masyarakat kalteng halo sobat informasi gubernur kalimantan tengah agustiar sabran terus menunjukkan kepedulian terhadap masyarakat yang menghadapi berbagai kondisi khususnya di tengah dampak kebakaran hutan dan lahan karhutla,4
pemprov kalteng juga menyalurkan blt melalui program kartu huma betang sejahtera khbs kepada warga kelurahan bukit tunggal penyaluran bantuan ini menjadi bagian dari upaya pemerintah provinsi kalimantan tengah dalam membantu masyarakat yang terdampak kondisi karhutla,4
pemprov kalteng juga menyalurkan blt melalui program kartu huma betang sejahtera khbs tahap ii kepada penerima manfaat bantuan tersebut disalurkan untuk membantu memenuhi kebutuhan dasar masyarakat di tengah kondisi karhutla,4
masyarakat terdampak karhutla yang memenuhi kriteria dapat mendaftarkan diri melalui laporgub kalteng pada menu bantuan karhutla dengan memastikan data yang disampaikan lengkap dan benar sc,4
dalam membantu masyarakat terdampak karhutla serta mendukung pemenuhan kebutuhan selama musim kemarau penyaluran bantuan dilakukan secara bertahap dengan memperhatikan kondisi dan kebutuhan masyarakat,4
minyak goreng liter serta dilengkapi masker dan multivitamin bantuan tersebut disalurkan untuk membantu memenuhi kebutuhan masyarakat di tengah kondisi kemarau dan dampak karhutla penyaluran bantuan menjadi bagian dari upaya pemerintah provinsi kalimantan tengah,4
selain bantuan pangan bagi masyarakat terdampak karhutla pemprov kalteng juga menyalurkan blt melalui program kartu huma betang sejahtera khbs sebesar rp ribu kepada penerima manfaat setiap paket bantuan pangan berisi beras kilogram gula pasir kilogram,4
bang situ mental pengemis ya bisa nya menyalahkan negara lain yang ga punya kewajiban buat bantu memadamkan karhutla ga tau terima kasih banget sih captionnya,6
khususnya di tengah dampak karhutla dan kabut asap gubernur agustiar sabran juga menekankan pentingnya pembaruan dan validasi data penerima agar penyaluran bantuan dapat tepat sasaran sesuai kondisi dan kebutuhan masyarakat,4
memastikan tidak ada sisa bara api bawah tanah yang berpotensi memicu kebakaran baru tim siaga karhutla satbrimob polda kalbar mengintensifkan patroli dan penyisiran lahan bekas terbakar di wilayah kabupaten kubu raya rabu,0
bagi masyarakat terdampak karhutla sementara blt khbs tahap ii diberikan kepada keluarga penerima manfaat kpm penyaluran bantuan ini merupakan bagian dari upaya pemerintah membantu memenuhi kebutuhan dan meringankan beban masyarakat,4
terdampak karhutla dan bantuan langsung tunai blt melalui program kartu huma betang sejahtera khbs tahap ii kepada masyarakat di tiga kecamatan di kota palangka raya yakni pahandut seberang panarung bukit tunggal sebanyak paket bantuan pangan disalurkan,4
asap karhutla masih menjadi perhatian pemerintah kemenkes menyebut belum menemukan kasus berat akibat paparan asap tetapi konsentrasi pm terpantau tinggi di sejumlah wilayah kalimantan sebanyak juta masker telah dibagikan untuk membantu mengurangi paparan asap lalu,2
kisah pilu datang dari palangka raya kalimantan tengah seekor orang utan berusia tahun bernama novita ditemukan bertahan seorang diri di atas pohon dengan luka bakar akibat terjebak kebakaran hutan,3
iya kakkk terlalu tebel kayak bukan polusi kemarin sempet liat update disana asapnya makin tebel juga jadi ada kemungkinan asap karhutla ya,5
patroli karhutla polsek blangpidie desa keude paya,7
polres ppu polda kaltim personel satuan samapta polres penajam paser utara ppu bersama tim gabungan bergerak cepat menangani kebakaran hutan dan lahan karhutla yang terjadi di wilayah desa giripurwa kecamatan penajam kabupaten penajam paser utara rabu,0
personil polsek bandar baru melaksanakan kegiatan patroli karhutla di wilkum bandar baru polres pidie jaya,7
personil polsek belitang ii melaksanakan kegiatan sosialisasi maklumat karhutla dan pemasangan benner himbauan,7
help rt ya temen bismillah dikarenakan sdg berlangsung kembali karhutla keadaan jd semakin bener diliburkan besok kookiepantry mau anter jumat berkah ke rumah thafiz dan mesjid sekitaran buat temen yag mau bantu titip sedekah jumat berkah masih bisa buat chat dan dm ya,5
maaf kalau marah sama bule ttg karhutla di tl guys aku di palangkaraya soalnya,5
pantang menyerah brimob kalsel lanjutkan pemadaman karhutla di banjar menutup bulan september perjuangan tim siaga karhutla satbrimob polda kalsel bersama tim gabungan dalam menangani kebakaran hutan dan lahan karhutla terus berlanjut,0
dana bantuan buat karhutla di provinsiku m tpi sampe sekarang api padam enggak malah nambah pekat itu kerjanya ngapain anjay apa uangnya cuma buat beli bahan bakar helikopter gub nya doang tiap wawancara ditanya jawabannya gatau saya terkejut hidupny terjekut terus anjg,5
semoga bantuan helikopter ini bisa mempercepat penanganan karhutla,3
lu limpahkan semua ini seolah rakyat indonesia bersalah secara kolektif akibat kelakuan elit pemerintah dan perusahaan negara lu jg yg nyawit disini atas karhutla ini meanwhile org indo sendiri esp di kalimantan hari ngalamin ginian demi membela ajang borjuis sialan lo itu,6
polri tetapkan orang tersangka karhutla top,5
capek banget masih banyak akun yang engagementnya tinggi yang nyebut kebakaran hutab pake karhutla gimana mau naik beritanya kalo pake singkatan gitu,5
azab karhutla,5
jepang akhiri bantuan pemadaman karhutla di wilayah kalimantan,1
asap karhutla,2
waspada titik panas terdapat titik panas dengan tingkat kepercayaan tinggi dan titik panas dengan tingkat kepercayaan sedang serta titik panas dengan tingkat kepercaan rendah tingkatkan kewaspadaan terutama di daerah rawan karhutla dan pemukiman,5
asli baru ini dinas kota nya lagi asap karhutla ngk kebayang klo mereka hari harus bgini siapapun yg bersalah soal ini semoga di catat untuk di akhirat sehari aja langsung radang gw cuy,3
dampak karhutla program safe school dompet dhuafa mulai digulirkan di kalteng,4
gunakan cairan x fire batalyon a pelopor maksimalkan pemadaman karhutla di jalan buluh merindu,5
pln upt pontianak memperkuat keandalan sistem khatulistiwa melalui pemeliharaan dan penguatan jaringan dengan mengutamakan keselamatan dan kesiapan personel termasuk dalam kondisi siaga karhutla,3
aku suka cara media tiap negara susun ayat kalau di indonesia ayatnya indonesia izinkan malaysia masuk memadam karhutla kerana media tahu pemerintah dan rakyat indonesia mempunyai ego militer dan tidak mahu dilihat dibantu media malaysia pulak tahu orang malaysia,6
jepang akhiri dukungan pemadaman karhutla wilayah kalimantan,1
ok hari ini polusi jakarta tebel atau asap karhutla udah nyampe jkt,2
palembang sumatera selatan hingga saat ini masih diselimuti kabut asap tebal sudah bulan kabut asap yang disebabkan oleh kebakaran hutan dan lahan di samping itu hampir miliar bantuan karhutla sudah diturunkan namun hasilnya masih aja nihil teman teman yang tinggal di,2
gegera kena angin karhutla tuh,5
pln meninjau dss trisakti dan posko siaga karhutla di gi bandara banjarbaru serta menyerahkan bantuan logistik kepada bpbd kalsel untuk mendukung penanganan karhutla dan menjaga keandalan aset transmisi,4
yuk bedah fakta akar masalah dan analisis selengkapnya mengenai karhutla geser postingan untuk baca selengkapnya,5
bersama peduli cegah karhutla sekarang gotong royong jaga lingkungan hindari api demi bumi kita,0
lalu apa sebenarnya akar masalah karhutla apakah karena cuaca dan kemarau ekstrem atau ada faktor lain seperti kelalaian dan lemahnya pengawasan,5
𝗛𝗶𝗱𝘂𝗽 𝗡𝗼𝗿𝗺𝗮𝗹 𝗱𝗮𝗿𝗶 𝗣𝗮𝗹𝗮𝗻𝗴𝗸𝗮𝗿𝗮𝘆𝗮 terus berisik untuk kalimantan karena presiden kita prabowo,5
tim buru api marta presisi polres banjar dan polsek jajaran terus menunjukkan komitmennya dalam upaya pencegahan dan penanggulangan kebakaran hutan dan lahan karhutla di kabupaten banjar,0
catatan merah setiap tahun kabut asap dan kebakaran hutan kembali terjadi karhutla seolah menjadi siklus yang terus berulang,2
menhan kasih satyalancana dharma samudera ke personel jepang yang bantu tangani karhutla apresiasi yang pantas,1
bersama peduli cegah karhutla,5
tetap ingat kasus ucon karhutla abaikan drama keluarga enable,5
gimana mau kelar urusan karhutla yg ditangkep modelannya beginian,5
data jam terbaru hotspot kategori tinggi dan sedang di kawasan indonesia sesuai data update jam wib pagi ini mungkin diperlukan dalam perencanaan penanganan karhutla hari ini,5
tni salurkan liter air bersih untuk masyarakat terdampak karhutla di kalbar,4
semoga memudahkan pemadaman karhutla,3
jambi juga udah kayak gini wak pagi ini semakin tebal pdhl minggu lalu langit udah sempat kelihatan udah seneng banget and now udah capek banget sama karhutla ini,5
influencer palembang ini kalo pasal bebalah sesamo dio ngambokke peranti mahal samo endorse pedio pedio hidden gem samo nyerudiki gawe uong nomor satu giliran ngomongke soal karhutla samo kabut asap lempeeem galo pecak kemplang direndem cuko lonyooooot,2
udah dapet bantuan alat dan kendaraan bantuan dana m masih kaga kelar masalah asep dan karhutla bangst,5
sejak karhutla kasus pneumonia anak ri meningkat ini pesan idai,5
jepang udah pamit pr kebakaran hutan kita masih belum kelar setelah bantu pemadaman karhutla di kalimantan dengan helikopter chinook misi jepang resmi berakhir sementara itu bnpb masih mencatat hektare lahan belum padam di enam provinsi prioritas pertanyaannya,1
jujurr gw juga bingung knp penanganan karhutla lelet bgt wowok sialann,5
komandan korem gapo brigjen tni khabib mahfud mendampingi pangdam ii sriwijaya mayjen tni ujang darwis dalam kunjungan kerja ke makodim oki rabu dalam rangka pengarahan dan pengendalian penanganan karhutla bersama para camat dan kepala desa kabupaten oki,0
himbauan kamtibmas kebakaran hutan dan lahan di kecamatan lenteng kab sumenep,0
sat lantas polres tanah laut melakukan pantauan arus lalu lintas di wilayah terdampak karhutla terpantau aman dan lancar petugas terus melakukan pemantauan untuk memastikan kondisi jalan tetap kondusif serta memberikan rasa aman bagi para pengguna jalan,3
patroli pencegahan karhutla,7
negara ini gimana sihhh karhutla urusin jir,6
karhutla bkn lg jadi mslh nasional untuk bernafas pun masyarakat kalimantan tersika,4
demi allah he dgaf about the karhutla yang dia pikirin cuma gimana cara buat bungkam suara rakyat dengan hal hal kaya gini padahal ini gak akan menyelesaikan masalah loh mending uang itu dipakai buat menanggulangi karhutla dan semua kerusakan yang dia perbuat mereka yang,5
bnpb bnpb samarinda berhasil menciduk pelaku pembakaran lahan di sungai kunjang pelaku mengaku terpaksa melapor karena api semakin membesar dan tidak bisa dikendalikan,0
kena kabut karhutla,5
karhutla belum selesai influenza a sudah makin marak tpa kebakaran tanah warisan bisa disita negara pajak kendaraan ngadi ngadi permohonan sim mati bisa perpanjang ditolak ma apa lagi,6
blur krn ad kabut karhutla,5
pejabat indonesia sangat cerdas lebih baik minta jepang mengelo mbg seperti menangani karhutla,1
selesainya misi jsdf menjadi momentum untuk mengapresiasi personel jepang yang telah membantu penanganan karhutla di kalbar,1
karhutla kembali melanda sumsel ribuan titik panas terpantau bali antaranews com berita karhutla kembali melanda sumsel ribuan titik panas terpantau,5
terima kasih jsdf jepang udah dateng ke kalbar buat madamin api karhutla,1
kementerian kehutanan menghadapi tantangan penuh risiko dalam upaya menjamin kebakaran hutan dan lahan para petugas terus berjuang mendekati titik api meski harus berhadapan dengan panasnya kobaran dan ancaman bara api,0
people and animals are losing their home real people are dying im pretty sure ur white ass millionaire drivers would still survive that but people in sumatra and borneo are clearly not search kalimantan sumatra karhutla and you will see how bad the situation is,5
girl theres real victims out there who are dying because of the karhutla and yall suddenly care because it affects ur richass white drivers sorry for ruining the boystrip agenda fuck them but people animals even nature are dying dont be insensitive pls,5
sebenernya wajar aja kalau mereka marah itu negara mereka ga ada apa apa tbtb kena asapnya karhutla yang pantes disalahin tuh prabowo anjing ni orang tolol banget brengsek,5
penasaran sm ex kantor gw dulu pro prabodo proyeknya di kalimantan skrg gimana ya karhutla brner ga diurusin sm pemerintahan dongo nyesel atau msh mikir ini bag strategi,5
banjir sumatera gempa ntt borneo karhutla dishub qc kapal,5
pelepasan tersebut menandai berakhirnya misi kemanusiaan bantuan bencana internasional dari militer jepang setelah dua pekan beroperasi membantu penanggulangan kebakaran hutan dan lahan karhutla di kalimantan barat khususnya di wilayah pontianak dan kabupaten ketapang,1
terima kasih banyak menhan sjafrie sjamsoeddin lepas pasukan jsdf jepang di mempawah misi pemadaman karhutla tuntas misi selesai semua selamat hutan selamat sehat selalu pak menhan dan pasukan jsdf jepang,1
polsek krueng sabee gencarkan patroli karhutla pantau wilayah rawan dan hotspot,7
asap palembang makin tebal jujur sy tinggal di palembang di thn saat itu cukup kaget krn ada kabut asap spt ini saat itu gak henti nya terdengar suara helikopter angkut air menyiram kawasan karhutla tp knp skrg suara heli angkut air itu tidak terdengar lagi ya,2
dalam upaya mengantisipasi dan mencegah terjadinya kebakaran hutan dan lahan karhutla polresta banjarmasin melalui polsek banjarmasin utara bersama bpbd kota banjarmasin dan para relawan terus memperkuat pengamanan serta kesiapsiagaan di posko karhutla sungai andai,0
tim gabungan tanggulangi karhutla di desa giripurwa penajam api berhasil dipadamkan,0
karhutla bukan solusi membakar hutan dan lahan mungkin terlihat seperti jalan cepat tetapi dampaknya dapat merusak hutan dan satwa mengancam kesehatan akibat asap serta menimbulkan kerugian ekonomi dan sosial,0
tim gabungan bergerak cepat atasi karhutla di teluk bayur berau,0
apresiasi untuk polri yang terus mengungkap kasus karhutla hingga puluhan ribu hektare semoga seluruh pihak yang bertanggung jawab dapat diusut tuntas sesuai hukum,3
honor yang dijanjikan sebesar rp ribu per hari disebut belum dibayarkan sekda palangka raya arbert tumbak membenarkan adanya honor yang belum dibayar pembayaran diperkirakan baru dapat dilakukan setelah apbd perubahan berjalan sekitar november,3
polsek amuntai selatan laksanakan ground check dan penanganan awal karhutla di desa murung panggang dan desa kayakah,7
mantap polri menjafi pelopor dalam menanggulangi karhutla,5
gimana ga benci orang negaranya dikasi kabut karhutla sama indo,6
antisipasi karhutla polisi dan mpa pantau kondisi lahan pasca hujan di singkawang utara polsek singkawang utara bersama masyarakat peduli api mpa kelurahan setapuk kecil melaksanakan patroli dan pemantauan lokasi rawan karhutla kamis,7
asap karhutla nya masih kurang pak cik,2
polsek jarai laksanakan patroli pencegahan karhutla antisipasi titik rawan kebakaran,7
operasi karhutla belum dikendurkan manggala agni asn masih siaga di provinsi prioritas,5
semoga karhutla cepat berakhir,3
kapolres banjar akbp boni ariefianto s i k turun langsung pimpin tim buru api marta presisi melakukan pengecekan dan pemadaman kebakaran hutan dan lahan karhutla di wilayah kabupaten banjar tepatnya di kawasan jl gubernur subardjo,0
lah singapork amp malaytod emg duo sampah haters indo blok pasti main sabun lah demi jegal indo dah sono hirup asap karhutla sampe mokad,6
orangutan terjebak karhutla di palangka raya tim gabungan lakukan evakuasi,3
dukung penanganan karhutla nhm serahkan bantuan tangki air operasional kepada bpbd halmahera utara,4
situasi karhutla di kalteng cegah api meluas petugas padamkan api siang malam kebakaran hutan dan lahan karhutla masih terjadi di sejumlah wilayah salah satunya ialah suaka margasatwa mandau talawang kalimantan tengah dalam video yang dibagikan di instagram,0
polisi cek kesiapan posko karhutla tunjungan tim gabungan perkuat kesiapsiagaan kukar mengantisipasi ancaman kebakaran hutan dan lahan karhutla personel polsek muara kaman bersama unsur gabungan mengecek kesiapan posko karhutla di desa tunjungan kecamatan muara kaman,0
hujan,5
malaysia tidur besok hirup karhutla lagi,5
dukungan internasional yang terus berlanjut jadi kunci penanganan karhutla yang efektif,5
asep karhutla kalimantan yg terbang ke sana muka kena polusi itu,5
polsek balikpapan selatan gelar patroli kryd sampaikan pesan kamtibmas dan imbauan cegah karhutla kepada warga serta petugas keamanan patroli berlangsung aman dan kondusif,7
disamping euforia efwan minggu ini turut ikut senang berbagai kalimat jahat dri serumpun jg gak kalah nyaring seolah menyalahkan semua warga korban yg ikut terdampak tolong ya jgn sampe menutupi isu karhutla di indonesia selama bulan ini pusat sudah perlahan tdk peduli,6
karhutla hektare mengancam polisi dan warga berjibaku jinakkan api di kota bangun kukar kebakaran lahan kembali terjadi di kabupaten kutai kartanegara kali ini sekitar hektare lahan rawa dan semak belukar di desa kota bangun iv kecamatan kota bangun darat,2
malaysia tidur besok hirup asap karhutla lagi,2
mari bersama kita cegah karhutla polres singkawang laksanakan patroli pastikan lahan gambut aman mari bersama kita cegah kebakaran hutan dan lahan,0
kami tidak melakukan karhutla,5
keterlibatan ini menjadi bagian dari sinergi pemerintah provinsi kalimantan tengah dalam melindungi kesehatan dan keselamatan masyarakat di tengah kondisi karhutla sebagai bagian dari dukungan terhadap penanganan karhutla,4
halo palangka raya dinas kesehatan provinsi kalimantan tengah turut berpartisipasi dalam upaya penanggulangan kebakaran hutan dan lahan karhutla serta penanganan dampak kabut asap di wilayah provinsi kalimantan tengah,3
ya ampunn karhutla dimana mana moga segera diatasi,5
karhutla hektare mengancam polisi dan warga berjibaku jinakkan api di kota bangun,2
bencana kebakaran hutan dan lahan karhutla melanda di daerah di provinsi jawa timur sepanjang musim kemarau dengan total luas area yang terbakar dari seluruh wilayah tersebut mencapai hektare,0
hari padamkan karhutla honor relawan di palangka raya belum dibayar baca di,3
mari bersama kita cegah karhutla polres singkawang bersama mpa laksanakan patroli pastikan lahan gambut aman mari bersama kita cegah kebakaran hutan dan lahan,0
polsek sako palembamg melaksanakan giat jum at curhat bersama warga menghimbau selalu waspada terhadap kejahatan c dan himbauan karhutla,7
bukan gagal tapi masa tugas misi bantuannya memang sudah selesai secara resmi setelah dua minggu membantu terima kasih banyak untuk pemerintah dan tim pasukan bela diri jepang yang sudah jauh jauh datang dan mengguyurkan ratusan ton air demi membantu penanganan karhutla,1
karhutla kembali terjadi di pedamaran oki lahan terbakar berada dekat dengan kebun sawit hanya dipisahkan kanal,0
polsek meurah mulia tingkatkan patroli malam cegah karhutla dan gangguan kamtibmas,7
eh giliran gw maki maki pemerintah atau bahas karhutla kok gk hit tweet jir,6
bencana kebakaran hutan dan lahan karhutla melonjak drastis di tanah papua dengan luas area terbakar menembus lebih dari hektar sepanjang,0
mo di kl panas sih apalagi abis kena asep karhutla,5
brimob sulut bantu padamkan kebakaran karhutla di kecamatan matuari kota bitung,0
kurang penanganan karhutla disini juga dibawah kalian disini buruk sekali pemerintah nya lamban ayo dik malay cari terus masa buat nutupin kekalahan tadi malam cuman ini aja ayok bisa yok,5
satgas karhutla satbrimob terus lakukan pemadaman dan pembasahan di jl buluh marindu,5
polri bongkar laporan kasus pembakaran hutan amp lahan karhutla dengan total lahan terbakar mencapai puluhan ribu hektar gak cuma perorangan tersangka polri juga lagi mengusut perkara korporasi perusahaan yang terlibat,5
indonesia nggak bisa digugat negara tetangga gegara karhutla udah ada kesepakatan di negara asean tahun kalau nggak salah untuk tidak saling gugat malahan wajib saling bantu,6
personil polsek belitang ii melaksanakan kegiatan pemasangan benner himbauan dan sosialisasi maklumat karhutla,7
satgas karhutla satbrimob lakukan pemadaman di jalan tidar iv,5
polsek damai bersama tim gabungan padamkan karhutla di kampung dempar humas polres kutai barat,0
kemenangan timnas baru masuk final di level aff asean sudah girang mereka bilang buat hiburan kita selain itu apa lagi yang buat kita senang tiap hari disuguhi berita korupsi bencana karhutla mbg kopdes penambangan liar pajak naik antri barang pokok,5
konten ini diolah dari artikel the conversation indonesia,6
karhutla bukan bencana musiman biasa melainkan dampak pengabaian sistemik hak atas rumah yang aman tidak bisa lepas dari keadilan tata kelola lahan di luar dindingnya,3
kebakaran hutan dan lahan karhutla mengubah fungsi rumah menjadi ruang isolasi terpaksa asap pekat memaksa warga mengurung diri demi bertahan hidup,3
bagi korban karhutla rumah tak lagi menjadi tempat aman,3
hutan sehat bikin hidup lebih baik jaga hutan berarti pelihara sumber air amp kualitas lingkungan yuk cegah karhutla dari sekarang ingat kenali informasi saring sebelum sharing,0
asap melintasi batas negara siapa yang bertanggung jawab apakah negara tetangga dapat menggugat indonesia apakah warga yang terdampak dapat menuntut pemerintah dan apakah gugatan hukum mampu menghentikan siklus karhutla yang berulang hampir setiap tahun,6
bukan nya kalian yg muji mereka kmrn karna masalah karhutla,5
kegiatan patroli dan sosialisasi karhutla diwilkum polsek bandar baru,7
tanpa membela dek ricis posisi dia tetap sebagai pelanggan yang membayar layanan meski ada diskon atau kesepakatan lain dalam bisnis hospitality sepengetahuan saya pelanggan tidak seharusnya diminta memahami persoalan operasional internal sederhananya layanan dijanjikan,6
bukan dibayar tapi mereka sepakat buat kita gak kefinal karna dendam masalah karhutla,5
sudah pak cik biarkan kita indonesian nikmatin momentum ini karena emang kita kalah semua hal malaysia emang unggul dalam semua enjoy the momentum lagi pendapat saya kenapa singapore keliatan sengaja kalah mungkin karna dendam kita ngirim asap karhutla,2
dpd taruna merah putih sulawesi utara bergotong royong bersama tim dan relawan pemadam dalam menghadapi kebakaran lahan dan hutan karhutla di kaki gunung klabat taruna merah putih juga memberikan dukungan logistik untuk membantu kebutuhan tim dan relawan selama berjibaku,0
mungkin mereka sepakat kerja sama karna indonesia udah kasih mereka asap karhutla makanya mereka dendam kalau korupsi mungkin samain sama mental bangsat indonesia yg korup yg dikit uang,6
ga manuk akal pdhal spore secara angka masih bisa lolos terlalu gilaaa kalo mereka bermain sabun atau mereka sengaja ingin malaysia lolos karna kesal audah dikirim asap karhutla,2
patroli karhutla polsek blangpidie,7
stop karhutla jangan membakar hutan lahan dan kebun,0
hutan milik kita bersama pencegahan karhutla membutuhkan kerja sama antara masyarakat petugas dan pemerintah dengan menjaga lingkungan menghindari aktivitas yang dapat memicu kebakaran serta melaporkan titik api dengan cepat,0
brimob sulut bantu padamkan kebakaran karhutla di kecamatan matuari kota bitung personel satuan brimob polda sulawesi utara turut membantu upaya pemadaman kebakaran hutan dan lahan karhutla yang terjadi di wilayah kecamatan matuari kota bitung,0
maluku tanpa karhutla mari mulai dari hal sederhana jangan membuang puntung rokok sembarangan dan jangan meninggalkan api saat beraktivitas di kawasan hutan kepedulian terhadap lingkungan merupakan langkah nyata untuk menjaga maluku tetap hijau aman dan lestari,3
api bukan solusi membakar sampah atau membuka lahan dengan api dapat meningkatkan risiko terjadinya karhutla terutama ketika kondisi lingkungan kering gunakan cara yang lebih aman dalam mengelola sampah dan lahan cegah kebakaran sebelum api meluas,0
berarti ntar asep karhutla masuk malaysia sampai kiamat juga dong,5
hutan maluku merupakan kekayaan alam yang harus dijaga bersama satu api kecil dapat berkembang menjadi kebakaran besar yang merusak hutan mengancam satwa dan mengganggu kehidupan masyarakat mari cegah karhutla dengan tidak membakar hutan dan lahan secara sembarangan,0
patroli karhutla,7
stop karhutla aksi pln up palembang pulihkan infrastruktur terdampak di tanjung api api,0
karhutla,5
pernah diajak dugem kakak kelas sekali sesek mengi karena di dalem asep rokok udah kayak karhutla pekak telinga,5
bukan nak riak tapi buat apa kaya kalo masih sama sama kena asap karhutla,5
asap karhutla masih menyelimuti palangka raya kalteng semoga kondisi segera membaik dan warga tetap aman,3
kabut asap menjadi masalah lintas batas negara sementara di dalam negeri gugatan warga menguji seberapa jauh negara bisa dimintai pertanggungjawaban atas karhutla,6
unsr mari bahas urgensi yang lebih penting sekarang pemerintah sudah menyalurkan banpres rp miliar untuk percepatan penanganan karhutla dan bencana di sumsel tapi pagi ini udara kita masih pekat oleh asap,2
langsung di atas kapal perang raksasa js kunisaki penghargaan matra laut ini jadi bukti apresiasi tertinggi dari indonesia atas dedikasi prajurit al jepang yang udah terjun langsung bantu pemadaman karhutla di kalimantan via misi kemanusiaan,1
jangan membakar hutan lahan dan kebun stop karhutla peduli api peduli sesama melayanimasyarakatdenganpenuhkeikhlasan,0
karhutla sangat dekat dari gedung sekolah di kaltim siswa amp guru gotong royong padamkan api kebakaran lahan gambut di kabupaten berau kalimantan timur rabu siang karhutla terjadi karena ada pernyataan akan di perbanyak tanam sawit ya makhluk itulah yg harus t jwb,0
ini bukan sekadar pemandangan ini adalah pengingat bahwa di bukan hanya isu lingkungan tapi isu kemanusiaan kesehatan dan ekonomi pulang pisau kalteng,5
hidup di palembang dan wilayah lain yg terkena dampak karhutla setiap harinya menggunakan mode survival udara bersih kami harus beli purifier kasus ispa tembus ribu ambulan semakin banyak lewat damkar setiap menit bekerja tanpa lelah pemimpinnya holiday ytta,5
jarak pandang karhutla cuma meter tu gilaakkk sih,5
bangun udah pagi pak cik saatnya hisap asap karhutla lagi,2
jangan dipendam luapkan saja siapa tau saking meluapnya bisa bantu padamkam karhutla di palembang,5
pemerintah provinsi kalimantan tengah menyalurkan bantuan pangan gubernur dan kartu huma betang sejahtera khbs tahap ii bagi masyarakat terdampak kebakaran hutan dan lahan karhutla di kecamatan katingan tengah kamis,4
betul akupun cenblue biar postinganku ttg karhutla lebih meluas kami desperate sekali,5
karhutla sangat dekat dari gedung sekolah di kaltim siswa amp guru gotong royong padamkan api kebakaran lahan gambut di kabupaten berau kalimantan timur rabu siang sudah mendekati gedung madrasah aliyah negeri berau,0
selamat pagi kembali dari kota palembang yang hari ini okt asapnya lebih pekat bahkan ampera setinggi itu hilang tertutup asap real kota kita blur ini tengah kota loh yg di pinggiran kota lebih parah karna lebih dekat dengan lokasi karhutla,2
moots pls bantu viralin dong kebakaran lahan di sumsel ga kelar kelar udh bulan anjir bukannya membaik malah makin tebel aja gw liat liat mana gaada kemajuan ampera aja ampe ga keliatan loh maksut gw itu yg ngebakar napasnya pake insang kah,5
apapun yang terjadi saya tetap harus bekerja btw ini asap polusi karhutla ya ges bukan embun di pagi buta yang menebarkan bau basah kalau ini baunyaaa wow emejing membuat mata perih dan sesak nafas taaapi yaaaa hidup tetap harus berjalan kalau ga kerja nanti uang saya dipotong,2
gw kena asep kebakaran tpa jatibarang aja segini gak enaknya apalagi yg kena asep karhutla ya semoga hujan cepet turun deh,5
ngakak bgt baru aja akur malaysia dan indonesia bersatu melawan karhutla maki maki pemerintah indo sekarang berantem lagi grgr bola,6
kalo dikalimantan udah gw lempar ke kobaran api karhutla,0
memutuskan beli cenblue sebulan untuk menyuarakan karhutla ini siapa tau org atas sana ada yg kebaca dan tergerak hatinya,5
kaget bangun² kabut asap kebakaran setebal inii lokasi pulang pisau kalimantan tengah,2
penganugerahan satyalancana dharma samudera menjadi penanda berakhirnya misi bantuan jepang dalam mendukung penanganan karhutla di kalimantan barat,1
misi pemadaman karhutla oleh helikopter jepang menjadi bagian dari respons kemanusiaan sekaligus memperkuat kerja sama kedua negara,1
menteri pertahanan sjafrie sjamsoeddin memberikan penghargaan resmi kepada pasukan bantuan dari jepang yang turut berjuang menanggulangi bencana kebakaran hutan dan lahan karhutla di indonesia,1
menhan sjafrie beri penghargaan bagi pasukan jepang yang bantu padamkan karhutla,1
harusnya kan ini hutang ditagihkan ke peesssii kenapa jadi yang onoh yang pada karhutla yaa aneh bin heran ajiigg,5
bantu padamkan karhutla di kalimantan menhan sjafrie anugerahkan tanda kehormatan kepada personel jmsdf jepang,1
solidaritas negara terdampak karhutla prabdh,6
menteri pertahanan sjafrie sjamsoeddin melepas langsung kepulangan sekaligus memberikan perhargaan satya lencana dharma samudera ke personel jepang usai berkontribusi dalam penanganan karhutla di kalimantan barat,1
bnpb bersama tim gabungan melaporkan keberhasilan pemadaman karhutla seluas hektare di enam provinsi prioritas di sumatera dan kalimantan sepanjang september,5
antisipasi karhutla di kepulauan meranti tim gabungan pantau kelembapan lahan gambut tanjung peranap,0
bangga banget liatnya menhan sjafrie beri penghargaan bagi pasukan jepang yang bantu padamkan karhutla gak cuma melepas tapi dikasih penghargaan yang layak ini baru etika diplomasi yang keren terima kasih jmsdf,1
kelas menhan sjafrie beri penghargaan bagi pasukan jepang yang bantu padamkan karhutla saling menghargai itu penting mereka jauh jauh dari jepang bantu kita respect untuk pak menhan dan jmsdf,1
i remember seeing a vid of barito during peak of karhutla and it deadass looked like mars crazy stuff,5
gausah heran negara korban karhutla lgi kerja sama,6
kemenko polkam hektare karhutla dipadamkan dalam hari dlvr it tvkgzz,5
hilangnya pepohonan memicu erosi tanah banjir serta krisis air bersih saat musim hujan maupun kemarau mari waspada dampak sekunder karhutla,5
alhamdulillah kerja sama ini bawa harapan baru buat pencegahan karhutla,5
perkara apa mereka kesel sama kita gara asep karhutla kemaren ya spt biasa baby soemitro yg ga becus yg nanggung rakyat dih,5
jends menurut kalian kl cowo pacarmu gamau diajak bahas soal negara termasuk karhutla palestine dll krn udh cape dgn kesusahan diri sendiri gmn jujur ya kdg dia gamau tau beritanya sampe udh ku ajak ya gt jujur bosen obrolan soal hubungan doang atau ngomong in org help,6
bnpb jumlah titik karhutla makin meningkat di kalbar dan kalteng dlvr it tvkdx,5
karhutla di pulau karakelang talaud sulawesi utara,5
nikmatilah terlalu banyak perkara buruk yang kamu semua telah lalui semoga hari ini kamu berbahagia dari punya presiden tolol mengakui israel politician out of touch mbg beracun jerebu dan karhutla rupiah merudum passport lemah selamat ya,3
