full_text,sentiment
penegakan hukum karhutla memang bergerak tetapi pergerakannya belum sama antara pelaku perorangan dan korporasi yang perlu dilihat berikutnya adalah apa yang membuat perkara korporasi belum sampai pada penetapan tersangka,negative
kejagung menerima spdp perkara pidana karhutla sepanjang januari september perkara perorangan dan perkara korporasi sebanyak perkara sudah p dan dilimpahkan ke pengadilan namun seluruh perkara korporasi masih berada dalam tahap penyidikan,negative
polsek menjalin edukasi warga cegah karhutla sejak dini,positive
karhutla di amburawang laut meluas tim gabungan berjibaku padamkan api jam,neutral
di tengah kepungan api dan asap orangutan berusia sekitar tahun ditemukan bertahan di atas pohon di kawasan katune palangka raya simak video selengkapnya di,neutral
cegah api sebelum berkobar polsek muara kaman sisir kawasan rawan karhutla,neutral
karhutla di samboja bakar hektare lahan gambut tim gabungan bergerak cepat kukar kebakaran lahan gambut dan semak belukar terjadi di rt kelurahan wonotirto kecamatan samboja kutai kartanegara rabu sore api membakar sekitar hektare lahan,neutral
btw daerah karhutla udah hujan belum yaa semoga aja udah ya allah,positive
terharu kementerian pertahanan jepang resmi mengakhiri operasi bantuan penanggulangan karhutla di k,positive
cegah karhutla polsek pangkalan banteng gencarkan patroli dan sosialisasi karhutla di desa marga mulya guna mengantisipasi potensi kebakaran hutan dan lahan karhutla personel polsek pangkalan banteng menggelar kegiatan patroli dialogis dan pengawasan di sejumlah titik rawan,neutral
cegah karhutla sejak dini polsek sangasanga rutin pantau wilayah rawan kukar upaya mencegah kebakaran hutan dan lahan karhutla terus dilakukan polsek sangasanga dengan memperkuat pemantauan langsung di wilayah rawan rabu,neutral
beredar narasi bahwa jepang gagal memadamkan kebakaran hutan dan lahan di kalimantan lalu pulang karena tidak sanggup caption itu menempel di foto kompas berjudul jepang akhiri misi bantuan pemadaman karhutla di kalimantan tersisa hektare yang belum padam judul itu,neutral
cegah karhutla makin meluas polsek kota bangun ingatkan warga soal bahaya membakar lahan kukar upaya mencegah kebakaran hutan dan lahan karhutla terus digencarkan polsek kota bangun personel kepolisian turun langsung memberikan pembinaan dan penyuluhan binluh,negative
cegah kebakaran hutan dan lahan polsek arut utara gelar patroli dan sosialisasi ke warga pangkut upaya mengantisipasi dan meminimalisir risiko kebakaran hutan dan lahan karhutla terus digencarkan oleh jajaran polres kotawaringin barat personel polsek arut utara melaksanakan,neutral
ud jelas si lansia bkn memberantas korupsi tp menyuburkan korupsi mn nih voter dan artis yg ngedukung dosa kalian besar tiada taranya sebesar dosa junjungan kalian itu dan kalian jg penbunuh satwa di karhutla dan mereka yg di sumatera,neutral
tidak mengenal lelah di tengah asap dan panasnya api langkah terus bergerak demi memadamkan karhutla tak peduli siang ataupun malam tugas tetap dijalankan pantang menyerah terus berjuang untuk kalteng bebas dari karhutla dan asap,positive
stop karhutla,neutral
makin hari kabut asap karhutla makin tebel kemaren kualitas udara mencapai dan punya pemimpin kayak gini tuh petaka banget bagi rakyat sebelumnya laporan ke wowo sudah tidak ada titik api,neutral
kemarau panjang tingkatkan kewaspadaan bhabinkamtibmas manggar aipda edy wahyudi mengajak warga bersama sama mencegah karhutla dan menjaga lingkungan tetap aman,positive
yg lebeh dak jelas tu gubernur nyo sih la di enjok presiden duet m samo motor trail untuk penanganan karhutla tapi dak di gunoke itu namonyo dak amanah,neutral
jadi mulai sekarang kalo bisa kita bahas yg lebih urgensi aja ya misal karhutla di layo unsr,negative
ketua dpr papua barat orgenes wonggor menilai pemprov papua barat belum maksimal menangani kebakaran hutan dan lahan ia meminta tim lintas instansi disiapkan sebelum bencana terjadi serta menegaskan penanganan tidak boleh hanya dibebankan kepada pemerintah kabupaten karhutla,neutral
karhutla bengkalis mencapai hektare kasmarni bicara restorasi gambut,positive
hotspot karhutla muncul di temajuk paloh petugas gabungan bergerak padamkan api,neutral
patroli karhutla sosialisasi dan penyebaran maklumad di wilayah hukum polsek trienggadeng spripim polda aceh tendri wardi polisiku halo polisi polisi indonesia,neutral
misi bantuan jepang buat karhutla di kalimantan resmi berakhir terima kasih sdf sorti ton air,neutral
sinergi tni polri damkar dan warga berhasil kendalikan karhutla di muara langon,positive
negara sendiri aja udh dieksploitasi banjir bandang sumatera karhutla kalimantan kalo bukan krn eksploitasi kekayaan alam negara sendiri lalu apa,negative
kegiatan sosialisasi dan pencegahan terhadap karhutla di wilayah kecematan karang bintang kab tanah bumbu,neutral
kata siapa palembang biasa biasa saja lihat langit kami tak lagi berwarna biru sudah hampir tiga bulan ada lagunya ini sampai langit tak biru lagi artinya tidak baik baik saja,positive
luas karhutla di provinsi prioritas menyusut bnpb perkuat operasi darat dan udara,neutral
polres bone bolango terus berkomitmen hadir dalam penanganan karhutla serta menjaga keamanan dan keselamatan masyarakat,positive
lagunya barsu lirilnya bahas karhutla ya,positive
dari rumah berdinding daun kini menjadi hunian yang lebih layak dan nyaman berawal dari patroli karhutla lahir kepedulian yang menghadirkan harapan bagi sebuah keluarga,positive
hotspot karhutla tembus titik johan rosihan desak pencegahan dari hulu ada pergerakan angka yang cukup signifikan data sipongi kehutanan itu ada titik di hari kamis kemudian sempat naik di hari jumat dan sampai data yang kami ikuti sampai ahad malam kemarin itu,neutral
karhutla di amburawang laut meluas tim gabungan berjibaku padamkan api jam kukar kebakaran hutan dan lahan karhutla melanda kawasan jalan gunung panjang rt kelurahan amburawang laut kecamatan samboja barat kutai kartanegara rabu,neutral
berita update soroti konsistensi pemerintah dalam pemberian sanksi pelaku karhutla dpr ri fraksi pdi perjuangan pak sonny efek jera nya nggak ada,positive
kejagung terima perkara karhutla yang terbanyak wilayah riau hingga kasus,negative
tpa kebakaran aja udh sesek napas bgt apa kabar karhutla ya,negative
cegah api sebelum berkobar polsek muara kaman sisir kawasan rawan karhutla kukar mencegah kebakaran hutan dan lahan karhutla tidak cukup hanya dengan memadamkan api langkah pencegahan terus diperkuat polsek muara kaman melalui patroli bersama di sejumlah,neutral
terima kasih jepang balik lagi pemerintah harus atasi karhutla,positive
sinergi tim satgas penanganan karhutla dalam upaya penanganan kebakaran hutan dan lahan karhutla tim satgas terus memperkuat sinergi di lapangan dengan melaksanakan pendinginan lahan pada area yang telah terbakar,neutral
update harian hotspot karhutla,neutral
laporan harian pemadaman karhutla rabu september,neutral
karhutla di samboja bakar hektare lahan gambut tim gabungan bergerak cepat kukar kebakaran lahan gambut dan semak belukar terjadi di rt kelurahan wonotirto kecamatan samboja kutai kartanegara rabu sore,neutral
cegah karhutla sejak dini polsek sangasanga rutin pantau wilayah rawan kukar upaya mencegah kebakaran hutan dan lahan karhutla terus dilakukan polsek sangasanga dengan memperkuat pemantauan langsung di wilayah rawan,neutral
cegah karhutla makin meluas polsek kota bangun ingatkan warga soal bahaya membakar lahan kukar upaya mencegah kebakaran hutan dan lahan karhutla terus digencarkan polsek kota bangun,negative
mengantisipasi risiko karhutla pln up b kaltimra terus memantau sistem secara real time untuk menjaga keamanan kestabilan dan keandalan pasokan listrik,neutral
sembilan pendaki memasuki kawasan karhutla di puncak batu tulis gunung kawi malang meski jalur pendakian masih ditutup satu pendaki mengalami sakit perut dan sesak napas hingga petugas gabungan harus melakukan evakuasi di tengah kondisi medan dan cuaca yang menantang,neutral
apresiasi untuk para pejuang kemanusiaan bpk landsel yang selalu siaga di garis depan menghadapi karhutla semoga bantuan ini mendukung keselamatan dan perjuangan para relawan di lapangan bersama kita jaga bumi kita,positive
dengan melihat situasi di lapangan kebutuhan masyarakat dapat menjadi bagian dari upaya pemerintah dalam menentukan dukungan yang tepat dukungan juga diberikan kepada para relawan yang berada di garis depan penanganan karhutla termasuk upaya menghadirkan perlindungan,positive
bantuan tunai melalui kartu huma betang sejahtera khbs hingga dukungan bagi mahasiswa dan para relawan yang terlibat dalam penanganan karhutla kehadiran gubernur tidak hanya untuk menyerahkan bantuan tetapi juga menjadi bentuk perhatian langsung terhadap kondisi masyarakat,positive
gubernur agustiar sabran hadir untuk masyarakat kalteng halo sobat informasi gubernur kalimantan tengah agustiar sabran terus menunjukkan kepedulian terhadap masyarakat yang menghadapi berbagai kondisi khususnya di tengah dampak kebakaran hutan dan lahan karhutla,neutral
pemprov kalteng juga menyalurkan blt melalui program kartu huma betang sejahtera khbs kepada warga kelurahan bukit tunggal penyaluran bantuan ini menjadi bagian dari upaya pemerintah provinsi kalimantan tengah dalam membantu masyarakat yang terdampak kondisi karhutla,positive
pemprov kalteng juga menyalurkan blt melalui program kartu huma betang sejahtera khbs tahap ii kepada penerima manfaat bantuan tersebut disalurkan untuk membantu memenuhi kebutuhan dasar masyarakat di tengah kondisi karhutla,positive
masyarakat terdampak karhutla yang memenuhi kriteria dapat mendaftarkan diri melalui laporgub kalteng pada menu bantuan karhutla dengan memastikan data yang disampaikan lengkap dan benar sc,positive
dalam membantu masyarakat terdampak karhutla serta mendukung pemenuhan kebutuhan selama musim kemarau penyaluran bantuan dilakukan secara bertahap dengan memperhatikan kondisi dan kebutuhan masyarakat,positive
minyak goreng liter serta dilengkapi masker dan multivitamin bantuan tersebut disalurkan untuk membantu memenuhi kebutuhan masyarakat di tengah kondisi kemarau dan dampak karhutla penyaluran bantuan menjadi bagian dari upaya pemerintah provinsi kalimantan tengah,positive
selain bantuan pangan bagi masyarakat terdampak karhutla pemprov kalteng juga menyalurkan blt melalui program kartu huma betang sejahtera khbs sebesar rp ribu kepada penerima manfaat setiap paket bantuan pangan berisi beras kilogram gula pasir kilogram,neutral
bang situ mental pengemis ya bisa nya menyalahkan negara lain yang ga punya kewajiban buat bantu memadamkan karhutla ga tau terima kasih banget sih captionnya,negative
khususnya di tengah dampak karhutla dan kabut asap gubernur agustiar sabran juga menekankan pentingnya pembaruan dan validasi data penerima agar penyaluran bantuan dapat tepat sasaran sesuai kondisi dan kebutuhan masyarakat,positive
memastikan tidak ada sisa bara api bawah tanah yang berpotensi memicu kebakaran baru tim siaga karhutla satbrimob polda kalbar mengintensifkan patroli dan penyisiran lahan bekas terbakar di wilayah kabupaten kubu raya rabu,neutral
bagi masyarakat terdampak karhutla sementara blt khbs tahap ii diberikan kepada keluarga penerima manfaat kpm penyaluran bantuan ini merupakan bagian dari upaya pemerintah membantu memenuhi kebutuhan dan meringankan beban masyarakat,positive
terdampak karhutla dan bantuan langsung tunai blt melalui program kartu huma betang sejahtera khbs tahap ii kepada masyarakat di tiga kecamatan di kota palangka raya yakni pahandut seberang panarung bukit tunggal sebanyak paket bantuan pangan disalurkan,positive
asap karhutla masih menjadi perhatian pemerintah kemenkes menyebut belum menemukan kasus berat akibat paparan asap tetapi konsentrasi pm terpantau tinggi di sejumlah wilayah kalimantan sebanyak juta masker telah dibagikan untuk membantu mengurangi paparan asap lalu,neutral
kisah pilu datang dari palangka raya kalimantan tengah seekor orang utan berusia tahun bernama novita ditemukan bertahan seorang diri di atas pohon dengan luka bakar akibat terjebak kebakaran hutan,neutral
iya kakkk terlalu tebel kayak bukan polusi kemarin sempet liat update disana asapnya makin tebel juga jadi ada kemungkinan asap karhutla ya,negative
patroli karhutla polsek blangpidie desa keude paya,positive
polres ppu polda kaltim personel satuan samapta polres penajam paser utara ppu bersama tim gabungan bergerak cepat menangani kebakaran hutan dan lahan karhutla yang terjadi di wilayah desa giripurwa kecamatan penajam kabupaten penajam paser utara rabu,positive
personil polsek bandar baru melaksanakan kegiatan patroli karhutla di wilkum bandar baru polres pidie jaya,neutral
personil polsek belitang ii melaksanakan kegiatan sosialisasi maklumat karhutla dan pemasangan benner himbauan,neutral
help rt ya temen bismillah dikarenakan sdg berlangsung kembali karhutla keadaan jd semakin bener diliburkan besok kookiepantry mau anter jumat berkah ke rumah thafiz dan mesjid sekitaran buat temen yag mau bantu titip sedekah jumat berkah masih bisa buat chat dan dm ya,positive
maaf kalau marah sama bule ttg karhutla di tl guys aku di palangkaraya soalnya,negative
pantang menyerah brimob kalsel lanjutkan pemadaman karhutla di banjar menutup bulan september perjuangan tim siaga karhutla satbrimob polda kalsel bersama tim gabungan dalam menangani kebakaran hutan dan lahan karhutla terus berlanjut,neutral
dana bantuan buat karhutla di provinsiku m tpi sampe sekarang api padam enggak malah nambah pekat itu kerjanya ngapain anjay apa uangnya cuma buat beli bahan bakar helikopter gub nya doang tiap wawancara ditanya jawabannya gatau saya terkejut hidupny terjekut terus anjg,neutral
semoga bantuan helikopter ini bisa mempercepat penanganan karhutla,positive
lu limpahkan semua ini seolah rakyat indonesia bersalah secara kolektif akibat kelakuan elit pemerintah dan perusahaan negara lu jg yg nyawit disini atas karhutla ini meanwhile org indo sendiri esp di kalimantan hari ngalamin ginian demi membela ajang borjuis sialan lo itu,negative
polri tetapkan orang tersangka karhutla top,positive
capek banget masih banyak akun yang engagementnya tinggi yang nyebut kebakaran hutab pake karhutla gimana mau naik beritanya kalo pake singkatan gitu,neutral
azab karhutla,negative
jepang akhiri bantuan pemadaman karhutla di wilayah kalimantan,neutral
asap karhutla,neutral
waspada titik panas terdapat titik panas dengan tingkat kepercayaan tinggi dan titik panas dengan tingkat kepercayaan sedang serta titik panas dengan tingkat kepercaan rendah tingkatkan kewaspadaan terutama di daerah rawan karhutla dan pemukiman,negative
asli baru ini dinas kota nya lagi asap karhutla ngk kebayang klo mereka hari harus bgini siapapun yg bersalah soal ini semoga di catat untuk di akhirat sehari aja langsung radang gw cuy,neutral
dampak karhutla program safe school dompet dhuafa mulai digulirkan di kalteng,positive
gunakan cairan x fire batalyon a pelopor maksimalkan pemadaman karhutla di jalan buluh merindu,neutral
pln upt pontianak memperkuat keandalan sistem khatulistiwa melalui pemeliharaan dan penguatan jaringan dengan mengutamakan keselamatan dan kesiapan personel termasuk dalam kondisi siaga karhutla,neutral
aku suka cara media tiap negara susun ayat kalau di indonesia ayatnya indonesia izinkan malaysia masuk memadam karhutla kerana media tahu pemerintah dan rakyat indonesia mempunyai ego militer dan tidak mahu dilihat dibantu media malaysia pulak tahu orang malaysia,neutral
jepang akhiri dukungan pemadaman karhutla wilayah kalimantan,neutral
ok hari ini polusi jakarta tebel atau asap karhutla udah nyampe jkt,neutral
palembang sumatera selatan hingga saat ini masih diselimuti kabut asap tebal sudah bulan kabut asap yang disebabkan oleh kebakaran hutan dan lahan di samping itu hampir miliar bantuan karhutla sudah diturunkan namun hasilnya masih aja nihil teman teman yang tinggal di,neutral
gegera kena angin karhutla tuh,negative
pln meninjau dss trisakti dan posko siaga karhutla di gi bandara banjarbaru serta menyerahkan bantuan logistik kepada bpbd kalsel untuk mendukung penanganan karhutla dan menjaga keandalan aset transmisi,neutral
yuk bedah fakta akar masalah dan analisis selengkapnya mengenai karhutla geser postingan untuk baca selengkapnya,neutral
bersama peduli cegah karhutla sekarang gotong royong jaga lingkungan hindari api demi bumi kita,negative
lalu apa sebenarnya akar masalah karhutla apakah karena cuaca dan kemarau ekstrem atau ada faktor lain seperti kelalaian dan lemahnya pengawasan,negative
𝗛𝗶𝗱𝘂𝗽 𝗡𝗼𝗿𝗺𝗮𝗹 𝗱𝗮𝗿𝗶 𝗣𝗮𝗹𝗮𝗻𝗴𝗸𝗮𝗿𝗮𝘆𝗮 terus berisik untuk kalimantan karena presiden kita prabowo,neutral
tim buru api marta presisi polres banjar dan polsek jajaran terus menunjukkan komitmennya dalam upaya pencegahan dan penanggulangan kebakaran hutan dan lahan karhutla di kabupaten banjar,neutral
catatan merah setiap tahun kabut asap dan kebakaran hutan kembali terjadi karhutla seolah menjadi siklus yang terus berulang,neutral
menhan kasih satyalancana dharma samudera ke personel jepang yang bantu tangani karhutla apresiasi yang pantas,positive
bersama peduli cegah karhutla,positive
tetap ingat kasus ucon karhutla abaikan drama keluarga enable,negative
gimana mau kelar urusan karhutla yg ditangkep modelannya beginian,neutral
data jam terbaru hotspot kategori tinggi dan sedang di kawasan indonesia sesuai data update jam wib pagi ini mungkin diperlukan dalam perencanaan penanganan karhutla hari ini,neutral
tni salurkan liter air bersih untuk masyarakat terdampak karhutla di kalbar,positive
semoga memudahkan pemadaman karhutla,positive
jambi juga udah kayak gini wak pagi ini semakin tebal pdhl minggu lalu langit udah sempat kelihatan udah seneng banget and now udah capek banget sama karhutla ini,negative
influencer palembang ini kalo pasal bebalah sesamo dio ngambokke peranti mahal samo endorse pedio pedio hidden gem samo nyerudiki gawe uong nomor satu giliran ngomongke soal karhutla samo kabut asap lempeeem galo pecak kemplang direndem cuko lonyooooot,neutral
udah dapet bantuan alat dan kendaraan bantuan dana m masih kaga kelar masalah asep dan karhutla bangst,positive
sejak karhutla kasus pneumonia anak ri meningkat ini pesan idai,neutral
jepang udah pamit pr kebakaran hutan kita masih belum kelar setelah bantu pemadaman karhutla di kalimantan dengan helikopter chinook misi jepang resmi berakhir sementara itu bnpb masih mencatat hektare lahan belum padam di enam provinsi prioritas pertanyaannya,neutral
jujurr gw juga bingung knp penanganan karhutla lelet bgt wowok sialann,neutral
komandan korem gapo brigjen tni khabib mahfud mendampingi pangdam ii sriwijaya mayjen tni ujang darwis dalam kunjungan kerja ke makodim oki rabu dalam rangka pengarahan dan pengendalian penanganan karhutla bersama para camat dan kepala desa kabupaten oki,neutral
himbauan kamtibmas kebakaran hutan dan lahan di kecamatan lenteng kab sumenep,neutral
sat lantas polres tanah laut melakukan pantauan arus lalu lintas di wilayah terdampak karhutla terpantau aman dan lancar petugas terus melakukan pemantauan untuk memastikan kondisi jalan tetap kondusif serta memberikan rasa aman bagi para pengguna jalan,positive
patroli pencegahan karhutla,positive
negara ini gimana sihhh karhutla urusin jir,negative
karhutla bkn lg jadi mslh nasional untuk bernafas pun masyarakat kalimantan tersika,neutral
demi allah he dgaf about the karhutla yang dia pikirin cuma gimana cara buat bungkam suara rakyat dengan hal hal kaya gini padahal ini gak akan menyelesaikan masalah loh mending uang itu dipakai buat menanggulangi karhutla dan semua kerusakan yang dia perbuat mereka yang,positive
bnpb bnpb samarinda berhasil menciduk pelaku pembakaran lahan di sungai kunjang pelaku mengaku terpaksa melapor karena api semakin membesar dan tidak bisa dikendalikan,negative
kena kabut karhutla,neutral
karhutla belum selesai influenza a sudah makin marak tpa kebakaran tanah warisan bisa disita negara pajak kendaraan ngadi ngadi permohonan sim mati bisa perpanjang ditolak ma apa lagi,neutral
blur krn ad kabut karhutla,neutral
pejabat indonesia sangat cerdas lebih baik minta jepang mengelo mbg seperti menangani karhutla,positive
selesainya misi jsdf menjadi momentum untuk mengapresiasi personel jepang yang telah membantu penanganan karhutla di kalbar,positive
karhutla kembali melanda sumsel ribuan titik panas terpantau bali antaranews com berita karhutla kembali melanda sumsel ribuan titik panas terpantau,negative
terima kasih jsdf jepang udah dateng ke kalbar buat madamin api karhutla,negative
kementerian kehutanan menghadapi tantangan penuh risiko dalam upaya menjamin kebakaran hutan dan lahan para petugas terus berjuang mendekati titik api meski harus berhadapan dengan panasnya kobaran dan ancaman bara api,neutral
people and animals are losing their home real people are dying im pretty sure ur white ass millionaire drivers would still survive that but people in sumatra and borneo are clearly not search kalimantan sumatra karhutla and you will see how bad the situation is,negative
girl theres real victims out there who are dying because of the karhutla and yall suddenly care because it affects ur richass white drivers sorry for ruining the boystrip agenda fuck them but people animals even nature are dying dont be insensitive pls,negative
sebenernya wajar aja kalau mereka marah itu negara mereka ga ada apa apa tbtb kena asapnya karhutla yang pantes disalahin tuh prabowo anjing ni orang tolol banget brengsek,negative
penasaran sm ex kantor gw dulu pro prabodo proyeknya di kalimantan skrg gimana ya karhutla brner ga diurusin sm pemerintahan dongo nyesel atau msh mikir ini bag strategi,neutral
banjir sumatera gempa ntt borneo karhutla dishub qc kapal,neutral
pelepasan tersebut menandai berakhirnya misi kemanusiaan bantuan bencana internasional dari militer jepang setelah dua pekan beroperasi membantu penanggulangan kebakaran hutan dan lahan karhutla di kalimantan barat khususnya di wilayah pontianak dan kabupaten ketapang,neutral
terima kasih banyak menhan sjafrie sjamsoeddin lepas pasukan jsdf jepang di mempawah misi pemadaman karhutla tuntas misi selesai semua selamat hutan selamat sehat selalu pak menhan dan pasukan jsdf jepang,positive
polsek krueng sabee gencarkan patroli karhutla pantau wilayah rawan dan hotspot,positive
asap palembang makin tebal jujur sy tinggal di palembang di thn saat itu cukup kaget krn ada kabut asap spt ini saat itu gak henti nya terdengar suara helikopter angkut air menyiram kawasan karhutla tp knp skrg suara heli angkut air itu tidak terdengar lagi ya,neutral
dalam upaya mengantisipasi dan mencegah terjadinya kebakaran hutan dan lahan karhutla polresta banjarmasin melalui polsek banjarmasin utara bersama bpbd kota banjarmasin dan para relawan terus memperkuat pengamanan serta kesiapsiagaan di posko karhutla sungai andai,positive
tim gabungan tanggulangi karhutla di desa giripurwa penajam api berhasil dipadamkan,positive
karhutla bukan solusi membakar hutan dan lahan mungkin terlihat seperti jalan cepat tetapi dampaknya dapat merusak hutan dan satwa mengancam kesehatan akibat asap serta menimbulkan kerugian ekonomi dan sosial,neutral
tim gabungan bergerak cepat atasi karhutla di teluk bayur berau,positive
apresiasi untuk polri yang terus mengungkap kasus karhutla hingga puluhan ribu hektare semoga seluruh pihak yang bertanggung jawab dapat diusut tuntas sesuai hukum,positive
honor yang dijanjikan sebesar rp ribu per hari disebut belum dibayarkan sekda palangka raya arbert tumbak membenarkan adanya honor yang belum dibayar pembayaran diperkirakan baru dapat dilakukan setelah apbd perubahan berjalan sekitar november,neutral
polsek amuntai selatan laksanakan ground check dan penanganan awal karhutla di desa murung panggang dan desa kayakah,positive
mantap polri menjafi pelopor dalam menanggulangi karhutla,positive
gimana ga benci orang negaranya dikasi kabut karhutla sama indo,negative
antisipasi karhutla polisi dan mpa pantau kondisi lahan pasca hujan di singkawang utara polsek singkawang utara bersama masyarakat peduli api mpa kelurahan setapuk kecil melaksanakan patroli dan pemantauan lokasi rawan karhutla kamis,positive
asap karhutla nya masih kurang pak cik,negative
polsek jarai laksanakan patroli pencegahan karhutla antisipasi titik rawan kebakaran,neutral
operasi karhutla belum dikendurkan manggala agni asn masih siaga di provinsi prioritas,neutral
semoga karhutla cepat berakhir,positive
kapolres banjar akbp boni ariefianto s i k turun langsung pimpin tim buru api marta presisi melakukan pengecekan dan pemadaman kebakaran hutan dan lahan karhutla di wilayah kabupaten banjar tepatnya di kawasan jl gubernur subardjo,neutral
lah singapork amp malaytod emg duo sampah haters indo blok pasti main sabun lah demi jegal indo dah sono hirup asap karhutla sampe mokad,neutral
orangutan terjebak karhutla di palangka raya tim gabungan lakukan evakuasi,positive
dukung penanganan karhutla nhm serahkan bantuan tangki air operasional kepada bpbd halmahera utara,positive
situasi karhutla di kalteng cegah api meluas petugas padamkan api siang malam kebakaran hutan dan lahan karhutla masih terjadi di sejumlah wilayah salah satunya ialah suaka margasatwa mandau talawang kalimantan tengah dalam video yang dibagikan di instagram,neutral
polisi cek kesiapan posko karhutla tunjungan tim gabungan perkuat kesiapsiagaan kukar mengantisipasi ancaman kebakaran hutan dan lahan karhutla personel polsek muara kaman bersama unsur gabungan mengecek kesiapan posko karhutla di desa tunjungan kecamatan muara kaman,neutral
hujan,positive
malaysia tidur besok hirup karhutla lagi,neutral
dukungan internasional yang terus berlanjut jadi kunci penanganan karhutla yang efektif,positive
asep karhutla kalimantan yg terbang ke sana muka kena polusi itu,neutral
polsek balikpapan selatan gelar patroli kryd sampaikan pesan kamtibmas dan imbauan cegah karhutla kepada warga serta petugas keamanan patroli berlangsung aman dan kondusif,positive
disamping euforia efwan minggu ini turut ikut senang berbagai kalimat jahat dri serumpun jg gak kalah nyaring seolah menyalahkan semua warga korban yg ikut terdampak tolong ya jgn sampe menutupi isu karhutla di indonesia selama bulan ini pusat sudah perlahan tdk peduli,negative
karhutla hektare mengancam polisi dan warga berjibaku jinakkan api di kota bangun kukar kebakaran lahan kembali terjadi di kabupaten kutai kartanegara kali ini sekitar hektare lahan rawa dan semak belukar di desa kota bangun iv kecamatan kota bangun darat,neutral
malaysia tidur besok hirup asap karhutla lagi,neutral
mari bersama kita cegah karhutla polres singkawang laksanakan patroli pastikan lahan gambut aman mari bersama kita cegah kebakaran hutan dan lahan,positive
kami tidak melakukan karhutla,negative
keterlibatan ini menjadi bagian dari sinergi pemerintah provinsi kalimantan tengah dalam melindungi kesehatan dan keselamatan masyarakat di tengah kondisi karhutla sebagai bagian dari dukungan terhadap penanganan karhutla,positive
halo palangka raya dinas kesehatan provinsi kalimantan tengah turut berpartisipasi dalam upaya penanggulangan kebakaran hutan dan lahan karhutla serta penanganan dampak kabut asap di wilayah provinsi kalimantan tengah,neutral
ya ampunn karhutla dimana mana moga segera diatasi,positive
karhutla hektare mengancam polisi dan warga berjibaku jinakkan api di kota bangun,positive
bencana kebakaran hutan dan lahan karhutla melanda di daerah di provinsi jawa timur sepanjang musim kemarau dengan total luas area yang terbakar dari seluruh wilayah tersebut mencapai hektare,neutral
hari padamkan karhutla honor relawan di palangka raya belum dibayar baca di,neutral
mari bersama kita cegah karhutla polres singkawang bersama mpa laksanakan patroli pastikan lahan gambut aman mari bersama kita cegah kebakaran hutan dan lahan,positive
polsek sako palembamg melaksanakan giat jum at curhat bersama warga menghimbau selalu waspada terhadap kejahatan c dan himbauan karhutla,positive
bukan gagal tapi masa tugas misi bantuannya memang sudah selesai secara resmi setelah dua minggu membantu terima kasih banyak untuk pemerintah dan tim pasukan bela diri jepang yang sudah jauh jauh datang dan mengguyurkan ratusan ton air demi membantu penanganan karhutla,neutral
karhutla kembali terjadi di pedamaran oki lahan terbakar berada dekat dengan kebun sawit hanya dipisahkan kanal,positive
polsek meurah mulia tingkatkan patroli malam cegah karhutla dan gangguan kamtibmas,neutral
eh giliran gw maki maki pemerintah atau bahas karhutla kok gk hit tweet jir,negative
bencana kebakaran hutan dan lahan karhutla melonjak drastis di tanah papua dengan luas area terbakar menembus lebih dari hektar sepanjang,neutral
mo di kl panas sih apalagi abis kena asep karhutla,negative
brimob sulut bantu padamkan kebakaran karhutla di kecamatan matuari kota bitung,neutral
kurang penanganan karhutla disini juga dibawah kalian disini buruk sekali pemerintah nya lamban ayo dik malay cari terus masa buat nutupin kekalahan tadi malam cuman ini aja ayok bisa yok,neutral
satgas karhutla satbrimob terus lakukan pemadaman dan pembasahan di jl buluh marindu,positive
polri bongkar laporan kasus pembakaran hutan amp lahan karhutla dengan total lahan terbakar mencapai puluhan ribu hektar gak cuma perorangan tersangka polri juga lagi mengusut perkara korporasi perusahaan yang terlibat,neutral
indonesia nggak bisa digugat negara tetangga gegara karhutla udah ada kesepakatan di negara asean tahun kalau nggak salah untuk tidak saling gugat malahan wajib saling bantu,positive
personil polsek belitang ii melaksanakan kegiatan pemasangan benner himbauan dan sosialisasi maklumat karhutla,neutral
satgas karhutla satbrimob lakukan pemadaman di jalan tidar iv,positive
polsek damai bersama tim gabungan padamkan karhutla di kampung dempar humas polres kutai barat,positive
kemenangan timnas baru masuk final di level aff asean sudah girang mereka bilang buat hiburan kita selain itu apa lagi yang buat kita senang tiap hari disuguhi berita korupsi bencana karhutla mbg kopdes penambangan liar pajak naik antri barang pokok,neutral
konten ini diolah dari artikel the conversation indonesia,neutral
karhutla bukan bencana musiman biasa melainkan dampak pengabaian sistemik hak atas rumah yang aman tidak bisa lepas dari keadilan tata kelola lahan di luar dindingnya,positive
kebakaran hutan dan lahan karhutla mengubah fungsi rumah menjadi ruang isolasi terpaksa asap pekat memaksa warga mengurung diri demi bertahan hidup,negative
bagi korban karhutla rumah tak lagi menjadi tempat aman,positive
hutan sehat bikin hidup lebih baik jaga hutan berarti pelihara sumber air amp kualitas lingkungan yuk cegah karhutla dari sekarang ingat kenali informasi saring sebelum sharing,neutral
asap melintasi batas negara siapa yang bertanggung jawab apakah negara tetangga dapat menggugat indonesia apakah warga yang terdampak dapat menuntut pemerintah dan apakah gugatan hukum mampu menghentikan siklus karhutla yang berulang hampir setiap tahun,neutral
bukan nya kalian yg muji mereka kmrn karna masalah karhutla,negative
kegiatan patroli dan sosialisasi karhutla diwilkum polsek bandar baru,neutral
tanpa membela dek ricis posisi dia tetap sebagai pelanggan yang membayar layanan meski ada diskon atau kesepakatan lain dalam bisnis hospitality sepengetahuan saya pelanggan tidak seharusnya diminta memahami persoalan operasional internal sederhananya layanan dijanjikan,neutral
bukan dibayar tapi mereka sepakat buat kita gak kefinal karna dendam masalah karhutla,negative
sudah pak cik biarkan kita indonesian nikmatin momentum ini karena emang kita kalah semua hal malaysia emang unggul dalam semua enjoy the momentum lagi pendapat saya kenapa singapore keliatan sengaja kalah mungkin karna dendam kita ngirim asap karhutla,negative
dpd taruna merah putih sulawesi utara bergotong royong bersama tim dan relawan pemadam dalam menghadapi kebakaran lahan dan hutan karhutla di kaki gunung klabat taruna merah putih juga memberikan dukungan logistik untuk membantu kebutuhan tim dan relawan selama berjibaku,positive
mungkin mereka sepakat kerja sama karna indonesia udah kasih mereka asap karhutla makanya mereka dendam kalau korupsi mungkin samain sama mental bangsat indonesia yg korup yg dikit uang,negative
ga manuk akal pdhal spore secara angka masih bisa lolos terlalu gilaaa kalo mereka bermain sabun atau mereka sengaja ingin malaysia lolos karna kesal audah dikirim asap karhutla,neutral
patroli karhutla polsek blangpidie,positive
stop karhutla jangan membakar hutan lahan dan kebun,neutral
hutan milik kita bersama pencegahan karhutla membutuhkan kerja sama antara masyarakat petugas dan pemerintah dengan menjaga lingkungan menghindari aktivitas yang dapat memicu kebakaran serta melaporkan titik api dengan cepat,positive
brimob sulut bantu padamkan kebakaran karhutla di kecamatan matuari kota bitung personel satuan brimob polda sulawesi utara turut membantu upaya pemadaman kebakaran hutan dan lahan karhutla yang terjadi di wilayah kecamatan matuari kota bitung,neutral
maluku tanpa karhutla mari mulai dari hal sederhana jangan membuang puntung rokok sembarangan dan jangan meninggalkan api saat beraktivitas di kawasan hutan kepedulian terhadap lingkungan merupakan langkah nyata untuk menjaga maluku tetap hijau aman dan lestari,positive
api bukan solusi membakar sampah atau membuka lahan dengan api dapat meningkatkan risiko terjadinya karhutla terutama ketika kondisi lingkungan kering gunakan cara yang lebih aman dalam mengelola sampah dan lahan cegah kebakaran sebelum api meluas,positive
berarti ntar asep karhutla masuk malaysia sampai kiamat juga dong,neutral
hutan maluku merupakan kekayaan alam yang harus dijaga bersama satu api kecil dapat berkembang menjadi kebakaran besar yang merusak hutan mengancam satwa dan mengganggu kehidupan masyarakat mari cegah karhutla dengan tidak membakar hutan dan lahan secara sembarangan,neutral
patroli karhutla,positive
stop karhutla aksi pln up palembang pulihkan infrastruktur terdampak di tanjung api api,neutral
karhutla,positive
pernah diajak dugem kakak kelas sekali sesek mengi karena di dalem asep rokok udah kayak karhutla pekak telinga,negative
bukan nak riak tapi buat apa kaya kalo masih sama sama kena asap karhutla,negative
asap karhutla masih menyelimuti palangka raya kalteng semoga kondisi segera membaik dan warga tetap aman,positive
kabut asap menjadi masalah lintas batas negara sementara di dalam negeri gugatan warga menguji seberapa jauh negara bisa dimintai pertanggungjawaban atas karhutla,negative
unsr mari bahas urgensi yang lebih penting sekarang pemerintah sudah menyalurkan banpres rp miliar untuk percepatan penanganan karhutla dan bencana di sumsel tapi pagi ini udara kita masih pekat oleh asap,neutral
langsung di atas kapal perang raksasa js kunisaki penghargaan matra laut ini jadi bukti apresiasi tertinggi dari indonesia atas dedikasi prajurit al jepang yang udah terjun langsung bantu pemadaman karhutla di kalimantan via misi kemanusiaan,neutral
jangan membakar hutan lahan dan kebun stop karhutla peduli api peduli sesama melayanimasyarakatdenganpenuhkeikhlasan,negative
karhutla sangat dekat dari gedung sekolah di kaltim siswa amp guru gotong royong padamkan api kebakaran lahan gambut di kabupaten berau kalimantan timur rabu siang karhutla terjadi karena ada pernyataan akan di perbanyak tanam sawit ya makhluk itulah yg harus t jwb,neutral
ini bukan sekadar pemandangan ini adalah pengingat bahwa di bukan hanya isu lingkungan tapi isu kemanusiaan kesehatan dan ekonomi pulang pisau kalteng,positive
hidup di palembang dan wilayah lain yg terkena dampak karhutla setiap harinya menggunakan mode survival udara bersih kami harus beli purifier kasus ispa tembus ribu ambulan semakin banyak lewat damkar setiap menit bekerja tanpa lelah pemimpinnya holiday ytta,positive
jarak pandang karhutla cuma meter tu gilaakkk sih,negative
bangun udah pagi pak cik saatnya hisap asap karhutla lagi,neutral
jangan dipendam luapkan saja siapa tau saking meluapnya bisa bantu padamkam karhutla di palembang,negative
pemerintah provinsi kalimantan tengah menyalurkan bantuan pangan gubernur dan kartu huma betang sejahtera khbs tahap ii bagi masyarakat terdampak kebakaran hutan dan lahan karhutla di kecamatan katingan tengah kamis,neutral
betul akupun cenblue biar postinganku ttg karhutla lebih meluas kami desperate sekali,negative
karhutla sangat dekat dari gedung sekolah di kaltim siswa amp guru gotong royong padamkan api kebakaran lahan gambut di kabupaten berau kalimantan timur rabu siang sudah mendekati gedung madrasah aliyah negeri berau,neutral
selamat pagi kembali dari kota palembang yang hari ini okt asapnya lebih pekat bahkan ampera setinggi itu hilang tertutup asap real kota kita blur ini tengah kota loh yg di pinggiran kota lebih parah karna lebih dekat dengan lokasi karhutla,positive
moots pls bantu viralin dong kebakaran lahan di sumsel ga kelar kelar udh bulan anjir bukannya membaik malah makin tebel aja gw liat liat mana gaada kemajuan ampera aja ampe ga keliatan loh maksut gw itu yg ngebakar napasnya pake insang kah,negative
apapun yang terjadi saya tetap harus bekerja btw ini asap polusi karhutla ya ges bukan embun di pagi buta yang menebarkan bau basah kalau ini baunyaaa wow emejing membuat mata perih dan sesak nafas taaapi yaaaa hidup tetap harus berjalan kalau ga kerja nanti uang saya dipotong,positive
gw kena asep kebakaran tpa jatibarang aja segini gak enaknya apalagi yg kena asep karhutla ya semoga hujan cepet turun deh,neutral
ngakak bgt baru aja akur malaysia dan indonesia bersatu melawan karhutla maki maki pemerintah indo sekarang berantem lagi grgr bola,positive
kalo dikalimantan udah gw lempar ke kobaran api karhutla,neutral
memutuskan beli cenblue sebulan untuk menyuarakan karhutla ini siapa tau org atas sana ada yg kebaca dan tergerak hatinya,neutral
kaget bangun² kabut asap kebakaran setebal inii lokasi pulang pisau kalimantan tengah,neutral
penganugerahan satyalancana dharma samudera menjadi penanda berakhirnya misi bantuan jepang dalam mendukung penanganan karhutla di kalimantan barat,neutral
misi pemadaman karhutla oleh helikopter jepang menjadi bagian dari respons kemanusiaan sekaligus memperkuat kerja sama kedua negara,positive
menteri pertahanan sjafrie sjamsoeddin memberikan penghargaan resmi kepada pasukan bantuan dari jepang yang turut berjuang menanggulangi bencana kebakaran hutan dan lahan karhutla di indonesia,neutral
menhan sjafrie beri penghargaan bagi pasukan jepang yang bantu padamkan karhutla,positive
harusnya kan ini hutang ditagihkan ke peesssii kenapa jadi yang onoh yang pada karhutla yaa aneh bin heran ajiigg,neutral
bantu padamkan karhutla di kalimantan menhan sjafrie anugerahkan tanda kehormatan kepada personel jmsdf jepang,neutral
solidaritas negara terdampak karhutla prabdh,positive
menteri pertahanan sjafrie sjamsoeddin melepas langsung kepulangan sekaligus memberikan perhargaan satya lencana dharma samudera ke personel jepang usai berkontribusi dalam penanganan karhutla di kalimantan barat,neutral
bnpb bersama tim gabungan melaporkan keberhasilan pemadaman karhutla seluas hektare di enam provinsi prioritas di sumatera dan kalimantan sepanjang september,positive
antisipasi karhutla di kepulauan meranti tim gabungan pantau kelembapan lahan gambut tanjung peranap,negative
bangga banget liatnya menhan sjafrie beri penghargaan bagi pasukan jepang yang bantu padamkan karhutla gak cuma melepas tapi dikasih penghargaan yang layak ini baru etika diplomasi yang keren terima kasih jmsdf,positive
kelas menhan sjafrie beri penghargaan bagi pasukan jepang yang bantu padamkan karhutla saling menghargai itu penting mereka jauh jauh dari jepang bantu kita respect untuk pak menhan dan jmsdf,positive
i remember seeing a vid of barito during peak of karhutla and it deadass looked like mars crazy stuff,neutral
gausah heran negara korban karhutla lgi kerja sama,negative
kemenko polkam hektare karhutla dipadamkan dalam hari dlvr it tvkgzz,positive
hilangnya pepohonan memicu erosi tanah banjir serta krisis air bersih saat musim hujan maupun kemarau mari waspada dampak sekunder karhutla,neutral
alhamdulillah kerja sama ini bawa harapan baru buat pencegahan karhutla,positive
perkara apa mereka kesel sama kita gara asep karhutla kemaren ya spt biasa baby soemitro yg ga becus yg nanggung rakyat dih,negative
jends menurut kalian kl cowo pacarmu gamau diajak bahas soal negara termasuk karhutla palestine dll krn udh cape dgn kesusahan diri sendiri gmn jujur ya kdg dia gamau tau beritanya sampe udh ku ajak ya gt jujur bosen obrolan soal hubungan doang atau ngomong in org help,negative
bnpb jumlah titik karhutla makin meningkat di kalbar dan kalteng dlvr it tvkdx,neutral
karhutla di pulau karakelang talaud sulawesi utara,neutral
nikmatilah terlalu banyak perkara buruk yang kamu semua telah lalui semoga hari ini kamu berbahagia dari punya presiden tolol mengakui israel politician out of touch mbg beracun jerebu dan karhutla rupiah merudum passport lemah selamat ya,positive
